PRAGMA foreign_keys = ON;

-- Datos para la tabla Cliente
INSERT INTO Cliente (empresa, persona_contacto, telefono, email, direccion, cif, color_hex) VALUES ('ClienteEmpresa1', 'Contacto Cliente 1', '+34 601234567', 'contacto.cliente.1@example.com', 'Calle Falsa 1, Ciudad 1', 'A12345678', '#377eb8');
INSERT INTO Cliente (empresa, persona_contacto, telefono, email, direccion, cif, color_hex) VALUES ('ClienteEmpresa2', 'Contacto Cliente 2', '+34 602345678', 'contacto.cliente.2@example.com', 'Calle Falsa 2, Ciudad 2', 'B23456789', '#e41a1c');
INSERT INTO Cliente (empresa, persona_contacto, telefono, email, direccion, cif, color_hex) VALUES ('ClienteEmpresa3', 'Contacto Cliente 3', '+34 603456789', 'contacto.cliente.3@example.com', 'Calle Falsa 3, Ciudad 3', 'C34567890', '#4daf4a');
INSERT INTO Cliente (empresa, persona_contacto, telefono, email, direccion, cif, color_hex) VALUES ('ClienteEmpresa4', 'Contacto Cliente 4', '+34 604567890', 'contacto.cliente.4@example.com', 'Calle Falsa 4, Ciudad 4', 'D45678901', '#984ea3');
INSERT INTO Cliente (empresa, persona_contacto, telefono, email, direccion, cif, color_hex) VALUES ('ClienteEmpresa5', 'Contacto Cliente 5', '+34 605678901', 'contacto.cliente.5@example.com', 'Calle Falsa 5, Ciudad 5', 'E56789012', '#ff7f00');
INSERT INTO Cliente (empresa, persona_contacto, telefono, email, direccion, cif, color_hex) VALUES ('ClienteEmpresa6', 'Contacto Cliente 6', '+34 606789012', 'contacto.cliente.6@example.com', 'Calle Falsa 6, Ciudad 6', 'F67890123', '#377eb8');
INSERT INTO Cliente (empresa, persona_contacto, telefono, email, direccion, cif, color_hex) VALUES ('ClienteEmpresa7', 'Contacto Cliente 7', '+34 607890123', 'contacto.cliente.7@example.com', 'Calle Falsa 7, Ciudad 7', 'G78901234', '#e41a1c');
INSERT INTO Cliente (empresa, persona_contacto, telefono, email, direccion, cif, color_hex) VALUES ('ClienteEmpresa8', 'Contacto Cliente 8', '+34 608901234', 'contacto.cliente.8@example.com', 'Calle Falsa 8, Ciudad 8', 'H89012345', '#4daf4a');
INSERT INTO Cliente (empresa, persona_contacto, telefono, email, direccion, cif, color_hex) VALUES ('ClienteEmpresa9', 'Contacto Cliente 9', '+34 609012345', 'contacto.cliente.9@example.com', 'Calle Falsa 9, Ciudad 9', 'I90123456', '#984ea3');
INSERT INTO Cliente (empresa, persona_contacto, telefono, email, direccion, cif, color_hex) VALUES ('ClienteEmpresa10', 'Contacto Cliente 10', '+34 610123456', 'contacto.cliente.10@example.com', 'Calle Falsa 10, Ciudad 10', 'J01234567', '#ff7f00');

-- Datos para la tabla ClienteFinal
INSERT INTO ClienteFinal (empresa, persona_encargada, telefono_encargada, email_encargada, direccion) VALUES ('ClienteFinalEmpresa1', 'Encargado Final 1', '+34 611234567', 'encargado.final.1@example.com', 'Avenida Siempre Viva 1, Pueblo 1');
INSERT INTO ClienteFinal (empresa, persona_encargada, telefono_encargada, email_encargada, direccion) VALUES ('ClienteFinalEmpresa2', 'Encargado Final 2', '+34 612345678', 'encargado.final.2@example.com', 'Avenida Siempre Viva 2, Pueblo 2');
INSERT INTO ClienteFinal (empresa, persona_encargada, telefono_encargada, email_encargada, direccion) VALUES ('ClienteFinalEmpresa3', 'Encargado Final 3', '+34 613456789', 'encargado.final.3@example.com', 'Avenida Siempre Viva 3, Pueblo 3');
INSERT INTO ClienteFinal (empresa, persona_encargada, telefono_encargada, email_encargada, direccion) VALUES ('ClienteFinalEmpresa4', 'Encargado Final 4', '+34 614567890', 'encargado.final.4@example.com', 'Avenida Siempre Viva 4, Pueblo 4');
INSERT INTO ClienteFinal (empresa, persona_encargada, telefono_encargada, email_encargada, direccion) VALUES ('ClienteFinalEmpresa5', 'Encargado Final 5', '+34 615678901', 'encargado.final.5@example.com', 'Avenida Siempre Viva 5, Pueblo 5');
INSERT INTO ClienteFinal (empresa, persona_encargada, telefono_encargada, email_encargada, direccion) VALUES ('ClienteFinalEmpresa6', 'Encargado Final 6', '+34 616789012', 'encargado.final.6@example.com', 'Avenida Siempre Viva 6, Pueblo 6');
INSERT INTO ClienteFinal (empresa, persona_encargada, telefono_encargada, email_encargada, direccion) VALUES ('ClienteFinalEmpresa7', 'Encargado Final 7', '+34 617890123', 'encargado.final.7@example.com', 'Avenida Siempre Viva 7, Pueblo 7');
INSERT INTO ClienteFinal (empresa, persona_encargada, telefono_encargada, email_encargada, direccion) VALUES ('ClienteFinalEmpresa8', 'Encargado Final 8', '+34 618901234', 'encargado.final.8@example.com', 'Avenida Siempre Viva 8, Pueblo 8');
INSERT INTO ClienteFinal (empresa, persona_encargada, telefono_encargada, email_encargada, direccion) VALUES ('ClienteFinalEmpresa9', 'Encargado Final 9', '+34 619012345', 'encargado.final.9@example.com', 'Avenida Siempre Viva 9, Pueblo 9');
INSERT INTO ClienteFinal (empresa, persona_encargada, telefono_encargada, email_encargada, direccion) VALUES ('ClienteFinalEmpresa10', 'Encargado Final 10', '+34 620123456', 'encargado.final.10@example.com', 'Avenida Siempre Viva 10, Pueblo 10');

-- Datos para la tabla Tema
INSERT INTO Tema (nombre, descripcion) VALUES ('Programación', 'Cursos de desarrollo de software.');
INSERT INTO Tema (nombre, descripcion) VALUES ('Bases de Datos', 'Cursos sobre gestión y diseño de bases de datos.');
INSERT INTO Tema (nombre, descripcion) VALUES ('Redes', 'Cursos de infraestructura de red y seguridad.');
INSERT INTO Tema (nombre, descripcion) VALUES ('Sistemas Operativos', 'Cursos sobre administración de sistemas.');
INSERT INTO Tema (nombre, descripcion) VALUES ('Ofimática', 'Cursos de herramientas de oficina.');
INSERT INTO Tema (nombre, descripcion) VALUES ('Desarrollo Web', 'Cursos de frontend y backend web.');
INSERT INTO Tema (nombre, descripcion) VALUES ('Cloud Computing', 'Cursos de plataformas en la nube.');
INSERT INTO Tema (nombre, descripcion) VALUES ('Ciberseguridad', 'Cursos de protección de sistemas.');
INSERT INTO Tema (nombre, descripcion) VALUES ('Inteligencia Artificial', 'Cursos de machine learning y deep learning.');
INSERT INTO Tema (nombre, descripcion) VALUES ('Gestión de Proyectos', 'Cursos de metodologías ágiles y tradicionales.');

-- Datos para la tabla FormacionBase
INSERT INTO FormacionBase (nombre, descripcion, id_tema, horas_referencia, nivel, contenido_base) VALUES ('Curso Base 1', 'Descripción del curso base 1.', 1, 40.5, 'basico', 'Contenido básico del curso 1.');
INSERT INTO FormacionBase (nombre, descripcion, id_tema, horas_referencia, nivel, contenido_base) VALUES ('Curso Base 2', 'Descripción del curso base 2.', 2, 30.0, 'intermedio', 'Contenido intermedio del curso 2.');
INSERT INTO FormacionBase (nombre, descripcion, id_tema, horas_referencia, nivel, contenido_base) VALUES ('Curso Base 3', 'Descripción del curso base 3.', 3, 50.0, 'avanzado', 'Contenido avanzado del curso 3.');
INSERT INTO FormacionBase (nombre, descripcion, id_tema, horas_referencia, nivel, contenido_base) VALUES ('Curso Base 4', 'Descripción del curso base 4.', 4, 20.0, 'basico', 'Contenido básico del curso 4.');
INSERT INTO FormacionBase (nombre, descripcion, id_tema, horas_referencia, nivel, contenido_base) VALUES ('Curso Base 5', 'Descripción del curso base 5.', 5, 60.5, 'intermedio', 'Contenido intermedio del curso 5.');
INSERT INTO FormacionBase (nombre, descripcion, id_tema, horas_referencia, nivel, contenido_base) VALUES ('Curso Base 6', 'Descripción del curso base 6.', 6, 45.0, 'avanzado', 'Contenido avanzado del curso 6.');
INSERT INTO FormacionBase (nombre, descripcion, id_tema, horas_referencia, nivel, contenido_base) VALUES ('Curso Base 7', 'Descripción del curso base 7.', 7, 35.0, 'basico', 'Contenido básico del curso 7.');
INSERT INTO FormacionBase (nombre, descripcion, id_tema, horas_referencia, nivel, contenido_base) VALUES ('Curso Base 8', 'Descripción del curso base 8.', 8, 70.0, 'intermedio', 'Contenido intermedio del curso 8.');
INSERT INTO FormacionBase (nombre, descripcion, id_tema, horas_referencia, nivel, contenido_base) VALUES ('Curso Base 9', 'Descripción del curso base 9.', 9, 25.5, 'avanzado', 'Contenido avanzado del curso 9.');
INSERT INTO FormacionBase (nombre, descripcion, id_tema, horas_referencia, nivel, contenido_base) VALUES ('Curso Base 10', 'Descripción del curso base 10.', 10, 55.0, 'basico', 'Contenido básico del curso 10.');

-- Datos para la tabla ContactoClienteFinal
INSERT INTO ContactoClienteFinal (id_cliente_final, nombre, telefono, email, rol) VALUES (1, 'Contacto Final 1', '+34 621234567', 'contacto.final.1@example.com', 'encargado_formacion');
INSERT INTO ContactoClienteFinal (id_cliente_final, nombre, telefono, email, rol) VALUES (2, 'Contacto Final 2', '+34 622345678', 'contacto.final.2@example.com', 'participante');
INSERT INTO ContactoClienteFinal (id_cliente_final, nombre, telefono, email, rol) VALUES (3, 'Contacto Final 3', '+34 623456789', 'contacto.final.3@example.com', 'otro');
INSERT INTO ContactoClienteFinal (id_cliente_final, nombre, telefono, email, rol) VALUES (4, 'Contacto Final 4', '+34 624567890', 'contacto.final.4@example.com', 'encargado_formacion');
INSERT INTO ContactoClienteFinal (id_cliente_final, nombre, telefono, email, rol) VALUES (5, 'Contacto Final 5', '+34 625678901', 'contacto.final.5@example.com', 'participante');
INSERT INTO ContactoClienteFinal (id_cliente_final, nombre, telefono, email, rol) VALUES (6, 'Contacto Final 6', '+34 626789012', 'contacto.final.6@example.com', 'otro');
INSERT INTO ContactoClienteFinal (id_cliente_final, nombre, telefono, email, rol) VALUES (7, 'Contacto Final 7', '+34 627890123', 'contacto.final.7@example.com', 'encargado_formacion');
INSERT INTO ContactoClienteFinal (id_cliente_final, nombre, telefono, email, rol) VALUES (8, 'Contacto Final 8', '+34 628901234', 'contacto.final.8@example.com', 'participante');
INSERT INTO ContactoClienteFinal (id_cliente_final, nombre, telefono, email, rol) VALUES (9, 'Contacto Final 9', '+34 629012345', 'contacto.final.9@example.com', 'otro');
INSERT INTO ContactoClienteFinal (id_cliente_final, nombre, telefono, email, rol) VALUES (10, 'Contacto Final 10', '+34 630123456', 'contacto.final.10@example.com', 'encargado_formacion');

-- Datos para la tabla Participante
INSERT INTO Participante (id_cliente_final, nombre, email, telefono, observaciones) VALUES (1, 'Participante 1', 'participante.1@participante.com', '+34 631234567', 'Observaciones del participante 1.');
INSERT INTO Participante (id_cliente_final, nombre, email, telefono, observaciones) VALUES (2, 'Participante 2', 'participante.2@participante.com', '+34 632345678', 'Observaciones del participante 2.');
INSERT INTO Participante (id_cliente_final, nombre, email, telefono, observaciones) VALUES (3, 'Participante 3', 'participante.3@participante.com', '+34 633456789', 'Observaciones del participante 3.');
INSERT INTO Participante (id_cliente_final, nombre, email, telefono, observaciones) VALUES (4, 'Participante 4', 'participante.4@participante.com', '+34 634567890', 'Observaciones del participante 4.');
INSERT INTO Participante (id_cliente_final, nombre, email, telefono, observaciones) VALUES (5, 'Participante 5', 'participante.5@participante.com', '+34 635678901', 'Observaciones del participante 5.');
INSERT INTO Participante (id_cliente_final, nombre, email, telefono, observaciones) VALUES (6, 'Participante 6', 'participante.6@participante.com', '+34 636789012', 'Observaciones del participante 6.');
INSERT INTO Participante (id_cliente_final, nombre, email, telefono, observaciones) VALUES (7, 'Participante 7', 'participante.7@participante.com', '+34 637890123', 'Observaciones del participante 7.');
INSERT INTO Participante (id_cliente_final, nombre, email, telefono, observaciones) VALUES (8, 'Participante 8', 'participante.8@participante.com', '+34 638901234', 'Observaciones del participante 8.');
INSERT INTO Participante (id_cliente_final, nombre, email, telefono, observaciones) VALUES (9, 'Participante 9', 'participante.9@participante.com', '+34 639012345', 'Observaciones del participante 9.');
INSERT INTO Participante (id_cliente_final, nombre, email, telefono, observaciones) VALUES (10, 'Participante 10', 'participante.10@participante.com', '+34 640123456', 'Observaciones del participante 10.');

-- Datos para la tabla ContratacionClienteFormacion
INSERT INTO ContratacionClienteFormacion (id_cliente, id_cliente_final, id_formacion_base, expediente, precio_hora, horas_previstas, modalidad, direccion, enlace_vc, persona_responsable, telefono_responsable, email_responsable, fecha_inicio_prevista, fecha_fin_prevista, observaciones, estado, prioridad) VALUES (1, 1, 1, 'EXP-2024-001', 100.0, 40, 'presencial', 'Lugar de Formación 1', '', 'Responsable Contrato 1', '+34 641234567', 'responsable.contrato.1@example.com', '2024-11-01', '2024-11-30', 'Observaciones de la contratación 1.', 'confirmado', 'alta');
INSERT INTO ContratacionClienteFormacion (id_cliente, id_cliente_final, id_formacion_base, expediente, precio_hora, horas_previstas, modalidad, direccion, enlace_vc, persona_responsable, telefono_responsable, email_responsable, fecha_inicio_prevista, fecha_fin_prevista, observaciones, estado, prioridad) VALUES (2, 2, 2, 'EXP-2024-002', 120.0, 30, 'online', '', 'https://meet.google.com/abc1', 'Responsable Contrato 2', '+34 642345678', 'responsable.contrato.2@example.com', '2024-12-01', '2024-12-20', 'Observaciones de la contratación 2.', 'tentativo', 'media');
INSERT INTO ContratacionClienteFormacion (id_cliente, id_cliente_final, id_formacion_base, expediente, precio_hora, horas_previstas, modalidad, direccion, enlace_vc, persona_responsable, telefono_responsable, email_responsable, fecha_inicio_prevista, fecha_fin_prevista, observaciones, estado, prioridad) VALUES (3, 3, 3, 'EXP-2024-003', 150.0, 50, 'mixta', 'Lugar de Formación 3', 'https://meet.google.com/abc2', 'Responsable Contrato 3', '+34 643456789', 'responsable.contrato.3@example.com', '2025-01-10', '2025-02-28', 'Observaciones de la contratación 3.', 'confirmado', 'baja');
INSERT INTO ContratacionClienteFormacion (id_cliente, id_cliente_final, id_formacion_base, expediente, precio_hora, horas_previstas, modalidad, direccion, enlace_vc, persona_responsable, telefono_responsable, email_responsable, fecha_inicio_prevista, fecha_fin_prevista, observaciones, estado, prioridad) VALUES (4, 4, 4, 'EXP-2024-004', 80.0, 20, 'presencial', 'Lugar de Formación 4', '', 'Responsable Contrato 4', '+34 644567890', 'responsable.contrato.4@example.com', '2025-03-01', '2025-03-15', 'Observaciones de la contratación 4.', 'cancelado', 'media');
INSERT INTO ContratacionClienteFormacion (id_cliente, id_cliente_final, id_formacion_base, expediente, precio_hora, horas_previstas, modalidad, direccion, enlace_vc, persona_responsable, telefono_responsable, email_responsable, fecha_inicio_prevista, fecha_fin_prevista, observaciones, estado, prioridad) VALUES (5, 5, 5, 'EXP-2024-005', 180.0, 60, 'online', '', 'https://meet.google.com/abc3', 'Responsable Contrato 5', '+34 645678901', 'responsable.contrato.5@example.com', '2025-04-01', '2025-05-31', 'Observaciones de la contratación 5.', 'tentativo', 'alta');
INSERT INTO ContratacionClienteFormacion (id_cliente, id_cliente_final, id_formacion_base, expediente, precio_hora, horas_previstas, modalidad, direccion, enlace_vc, persona_responsable, telefono_responsable, email_responsable, fecha_inicio_prevista, fecha_fin_prevista, observaciones, estado, prioridad) VALUES (6, 6, 6, 'EXP-2024-006', 130.0, 45, 'mixta', 'Lugar de Formación 6', 'https://meet.google.com/abc4', 'Responsable Contrato 6', '+34 646789012', 'responsable.contrato.6@example.com', '2025-06-01', '2025-07-15', 'Observaciones de la contratación 6.', 'confirmado', 'media');
INSERT INTO ContratacionClienteFormacion (id_cliente, id_cliente_final, id_formacion_base, expediente, precio_hora, horas_previstas, modalidad, direccion, enlace_vc, persona_responsable, telefono_responsable, email_responsable, fecha_inicio_prevista, fecha_fin_prevista, observaciones, estado, prioridad) VALUES (7, 7, 7, 'EXP-2024-007', 90.0, 35, 'presencial', 'Lugar de Formación 7', '', 'Responsable Contrato 7', '+34 647890123', 'responsable.contrato.7@example.com', '2025-08-01', '2025-08-31', 'Observaciones de la contratación 7.', 'confirmado', 'baja');
INSERT INTO ContratacionClienteFormacion (id_cliente, id_cliente_final, id_formacion_base, expediente, precio_hora, horas_previstas, modalidad, direccion, enlace_vc, persona_responsable, telefono_responsable, email_responsable, fecha_inicio_prevista, fecha_fin_prevista, observaciones, estado, prioridad) VALUES (8, 8, 8, 'EXP-2024-008', 200.0, 70, 'online', '', 'https://meet.google.com/abc5', 'Responsable Contrato 8', '+34 648901234', 'responsable.contrato.8@example.com', '2025-09-01', '2025-10-31', 'Observaciones de la contratación 8.', 'tentativo', 'alta');
INSERT INTO ContratacionClienteFormacion (id_cliente, id_cliente_final, id_formacion_base, expediente, precio_hora, horas_previstas, modalidad, direccion, enlace_vc, persona_responsable, telefono_responsable, email_responsable, fecha_inicio_prevista, fecha_fin_prevista, observaciones, estado, prioridad) VALUES (9, 9, 9, 'EXP-2024-009', 110.0, 25, 'mixta', 'Lugar de Formación 9', 'https://meet.google.com/abc6', 'Responsable Contrato 9', '+34 649012345', 'responsable.contrato.9@example.com', '2025-11-01', '2025-11-20', 'Observaciones de la contratación 9.', 'cancelado', 'media');
INSERT INTO ContratacionClienteFormacion (id_cliente, id_cliente_final, id_formacion_base, expediente, precio_hora, horas_previstas, modalidad, direccion, enlace_vc, persona_responsable, telefono_responsable, email_responsable, fecha_inicio_prevista, fecha_fin_prevista, observaciones, estado, prioridad) VALUES (10, 10, 10, 'EXP-2024-010', 160.0, 55, 'presencial', 'Lugar de Formación 10', '', 'Responsable Contrato 10', '+34 650123456', 'responsable.contrato.10@example.com', '2026-01-15', '2026-03-15', 'Observaciones de la contratación 10.', 'confirmado', 'alta');

-- Datos para la tabla Sesion
INSERT INTO Sesion (id_contratacion, fecha, hora_inicio, hora_fin, direccion, enlace_vc, estado, notas) VALUES (1, '2024-11-04', '09:00', '13:00', 'Aula 1', '', 'programada', 'Notas de la sesión 1.');
INSERT INTO Sesion (id_contratacion, fecha, hora_inicio, hora_fin, direccion, enlace_vc, estado, notas) VALUES (2, '2024-12-02', '10:00', '12:00', '', 'https://zoom.us/j/1234567890', 'propuesta', 'Notas de la sesión 2.');
INSERT INTO Sesion (id_contratacion, fecha, hora_inicio, hora_fin, direccion, enlace_vc, estado, notas) VALUES (3, '2025-01-13', '09:30', '12:30', 'Aula 3', 'https://zoom.us/j/2345678901', 'reprogramada', 'Notas de la sesión 3.');
INSERT INTO Sesion (id_contratacion, fecha, hora_inicio, hora_fin, direccion, enlace_vc, estado, notas) VALUES (4, '2025-03-03', '14:00', '18:00', 'Aula 4', '', 'cancelada', 'Notas de la sesión 4.');
INSERT INTO Sesion (id_contratacion, fecha, hora_inicio, hora_fin, direccion, enlace_vc, estado, notas) VALUES (5, '2025-04-07', '15:00', '17:00', '', 'https://zoom.us/j/3456789012', 'programada', 'Notas de la sesión 5.');
INSERT INTO Sesion (id_contratacion, fecha, hora_inicio, hora_fin, direccion, enlace_vc, estado, notas) VALUES (6, '2025-06-02', '10:00', '13:00', 'Aula 6', 'https://zoom.us/j/4567890123', 'propuesta', 'Notas de la sesión 6.');
INSERT INTO Sesion (id_contratacion, fecha, hora_inicio, hora_fin, direccion, enlace_vc, estado, notas) VALUES (7, '2025-08-04', '09:00', '14:00', 'Aula 7', '', 'programada', 'Notas de la sesión 7.');
INSERT INTO Sesion (id_contratacion, fecha, hora_inicio, hora_fin, direccion, enlace_vc, estado, notas) VALUES (8, '2025-09-01', '16:00', '18:00', '', 'https://zoom.us/j/5678901234', 'reprogramada', 'Notas de la sesión 8.');
INSERT INTO Sesion (id_contratacion, fecha, hora_inicio, hora_fin, direccion, enlace_vc, estado, notas) VALUES (9, '2025-11-03', '11:00', '13:00', 'Aula 9', 'https://zoom.us/j/6789012345', 'cancelada', 'Notas de la sesión 9.');
INSERT INTO Sesion (id_contratacion, fecha, hora_inicio, hora_fin, direccion, enlace_vc, estado, notas) VALUES (10, '2026-01-20', '09:00', '12:00', 'Aula 10', '', 'programada', 'Notas de la sesión 10.');

-- Datos para la tabla Adjunto
INSERT INTO Adjunto (origen, id_origen, tipo, ruta_fichero, notas) VALUES ('cliente', 1, 'documento', '/uploads/cliente/1/file1.pdf', 'Adjunto 1 para cliente 1.');
INSERT INTO Adjunto (origen, id_origen, tipo, ruta_fichero, notas) VALUES ('contratacion', 1, 'imagen', '/uploads/contratacion/1/file2.jpg', 'Adjunto 2 para contratacion 1.');
INSERT INTO Adjunto (origen, id_origen, tipo, ruta_fichero, notas) VALUES ('sesion', 1, 'otro', '/uploads/sesion/1/file3.zip', 'Adjunto 3 para sesion 1.');
INSERT INTO Adjunto (origen, id_origen, tipo, ruta_fichero, notas) VALUES ('cliente', 2, 'documento', '/uploads/cliente/2/file4.pdf', 'Adjunto 4 para cliente 2.');
INSERT INTO Adjunto (origen, id_origen, tipo, ruta_fichero, notas) VALUES ('contratacion', 2, 'documento', '/uploads/contratacion/2/file5.docx', 'Adjunto 5 para contratacion 2.');
INSERT INTO Adjunto (origen, id_origen, tipo, ruta_fichero, notas) VALUES ('sesion', 2, 'imagen', '/uploads/sesion/2/file6.png', 'Adjunto 6 para sesion 2.');
INSERT INTO Adjunto (origen, id_origen, tipo, ruta_fichero, notas) VALUES ('cliente', 3, 'otro', '/uploads/cliente/3/file7.txt', 'Adjunto 7 para cliente 3.');
INSERT INTO Adjunto (origen, id_origen, tipo, ruta_fichero, notas) VALUES ('contratacion', 3, 'documento', '/uploads/contratacion/3/file8.pdf', 'Adjunto 8 para contratacion 3.');
INSERT INTO Adjunto (origen, id_origen, tipo, ruta_fichero, notas) VALUES ('sesion', 3, 'documento', '/uploads/sesion/3/file9.pptx', 'Adjunto 9 para sesion 3.');
INSERT INTO Adjunto (origen, id_origen, tipo, ruta_fichero, notas) VALUES ('cliente', 4, 'imagen', '/uploads/cliente/4/file10.gif', 'Adjunto 10 para cliente 4.');

-- Datos para la tabla InteraccionCliente
INSERT INTO InteraccionCliente (id_cliente, id_contratacion, fecha, tipo, descripcion, resultado, proxima_accion, fecha_proxima_accion, crear_recordatorio) VALUES (1, 1, '2024-10-15', 'email', 'Descripción de la interacción 1.', 'aceptado', 'Seguimiento 1', '2024-11-15', 1);
INSERT INTO InteraccionCliente (id_cliente, id_contratacion, fecha, tipo, descripcion, resultado, proxima_accion, fecha_proxima_accion, crear_recordatorio) VALUES (2, 2, '2024-11-20', 'llamada', 'Descripción de la interacción 2.', 'pendiente', 'Seguimiento 2', '2024-12-10', 0);
INSERT INTO InteraccionCliente (id_cliente, id_contratacion, fecha, tipo, descripcion, resultado, proxima_accion, fecha_proxima_accion, crear_recordatorio) VALUES (3, 3, '2024-12-20', 'reunion', 'Descripción de la interacción 3.', 'negociacion', 'Seguimiento 3', '2025-01-05', 1);
INSERT INTO InteraccionCliente (id_cliente, id_contratacion, fecha, tipo, descripcion, resultado, proxima_accion, fecha_proxima_accion, crear_recordatorio) VALUES (4, 4, '2025-02-10', 'mensaje', 'Descripción de la interacción 4.', 'rechazado', 'Seguimiento 4', '2025-03-01', 0);
INSERT INTO InteraccionCliente (id_cliente, id_contratacion, fecha, tipo, descripcion, resultado, proxima_accion, fecha_proxima_accion, crear_recordatorio) VALUES (5, 5, '2025-03-15', 'otro', 'Descripción de la interacción 5.', 'sin_respuesta', 'Seguimiento 5', '2025-04-01', 1);
INSERT INTO InteraccionCliente (id_cliente, id_contratacion, fecha, tipo, descripcion, resultado, proxima_accion, fecha_proxima_accion, crear_recordatorio) VALUES (6, 6, '2025-05-10', 'email', 'Descripción de la interacción 6.', 'aceptado', 'Seguimiento 6', '2025-06-01', 0);
INSERT INTO InteraccionCliente (id_cliente, id_contratacion, fecha, tipo, descripcion, resultado, proxima_accion, fecha_proxima_accion, crear_recordatorio) VALUES (7, 7, '2025-07-15', 'llamada', 'Descripción de la interacción 7.', 'pendiente', 'Seguimiento 7', '2025-08-01', 1);
INSERT INTO InteraccionCliente (id_cliente, id_contratacion, fecha, tipo, descripcion, resultado, proxima_accion, fecha_proxima_accion, crear_recordatorio) VALUES (8, 8, '2025-08-20', 'reunion', 'Descripción de la interacción 8.', 'negociacion', 'Seguimiento 8', '2025-09-01', 0);
INSERT INTO InteraccionCliente (id_cliente, id_contratacion, fecha, tipo, descripcion, resultado, proxima_accion, fecha_proxima_accion, crear_recordatorio) VALUES (9, 9, '2025-10-10', 'mensaje', 'Descripción de la interacción 9.', 'rechazado', 'Seguimiento 9', '2025-11-01', 1);
INSERT INTO InteraccionCliente (id_cliente, id_contratacion, fecha, tipo, descripcion, resultado, proxima_accion, fecha_proxima_accion, crear_recordatorio) VALUES (10, 10, '2025-12-15', 'otro', 'Descripción de la interacción 10.', 'aceptado', 'Seguimiento 10', '2026-01-10', 0);
